kinhdo,vido,currentring,distancefromStarting
105.069857,21.029765,504,624
105.069858,21.032532,,
