Kinh ??,V? ??,Ring hi?n t?i,Kho?ng cách ??n ?i?m ??u
105.069857,21.029765,416,624
105.069858,21.032532,,
